BPUIC,BEZEICHNUNG_OFFIZIELL,GEMEINDENAME,BFS_NUMMER,KANTONSKUERZEL,E_WGS84,N_WGS84
8509004,Bad Ragaz,Bad Ragaz,3291.000000000000000,SG,9.505224979999999,47.010309470000003
8506319,Altstätten SG,Altstätten,3251.000000000000000,SG,9.556519880000000,47.374234809999997
8501002,Russin,Russin,6637.000000000000000,GE,6.018035960000000,46.188395130000004
8501003,Satigny,Satigny,6638.000000000000000,GE,6.037665210000000,46.214227229999999
8501006,Meyrin,Meyrin,6630.000000000000000,GE,6.076900800000000,46.222335450000003
8503525,Otelfingen Golfpark,Otelfingen,94.000000000000000,ZH,8.402113460000001,47.455821640000003
8505011,Merlischachen,Küssnacht (SZ),1331.000000000000000,SZ,8.409058150000000,47.067659980000002
8502229,Urdorf Weihermatt,Urdorf,250.000000000000000,ZH,8.430342509999999,47.380969980000003
8501301,Territet,Montreux,5886.000000000000000,VD,6.922706950000000,46.426381569999997
8501304,Roche VD,Roche (VD),5413.000000000000000,VD,6.927052840000000,46.358696369999997
8501303,Villeneuve,Villeneuve (VD),5414.000000000000000,VD,6.927003110000000,46.398371509999997
8500265,Gänsbrunnen,Crémines,691.000000000000000,BE,7.464915730000000,47.265652480000000
8502224,Affoltern am Albis,Affoltern am Albis,2.000000000000000,ZH,8.446595000000000,47.276070359999999
8515996,Hünenberg Zythus,Hünenberg,1703.000000000000000,ZG,8.450095250000000,47.173607550000000
8503315,Dielsdorf,Dielsdorf,86.000000000000000,ZH,8.459443750000000,47.482420509999997
8502222,Bonstetten-Wettswil,Bonstetten,3.000000000000000,ZH,8.468196900000001,47.325901330000001
8502226,Knonau,Knonau,7.000000000000000,ZH,8.466731190000001,47.220264329999999
8502227,Steinhausen,Steinhausen,1708.000000000000000,ZG,8.478436560000000,47.194581470000003
8502300,Zug Postplatz,Zug,1711.000000000000000,ZG,8.516937380000000,47.168275670000000
8503011,Zürich Wiedikon,Zürich,261.000000000000000,ZH,8.523485440000000,47.371477230000004
8502206,Baar,Baar,1701.000000000000000,ZG,8.523271540000000,47.195364020000000
8503016,Zürich Flughafen,Kloten,62.000000000000000,ZH,8.562401820000000,47.450385630000000
8503004,Zürich Tiefenbrunnen,Zürich,261.000000000000000,ZH,8.561389849999999,47.350124680000000
8502209,Oberrieden Dorf,Oberrieden,137.000000000000000,ZH,8.577652790000000,47.276731789999999
8502208,Horgen Oberdorf,Horgen,295.000000000000000,ZH,8.589815820000000,47.258749819999998
8506049,Dachsen,Dachsen,25.000000000000000,ZH,8.613822740000000,47.667090500000000
8503307,Bassersdorf,Bassersdorf,52.000000000000000,ZH,8.626220940000000,47.438570560000002
8505201,Airolo,Airolo,5061.000000000000000,TI,8.608619760000000,46.527525959999998
8505112,Flüelen,Flüelen,1207.000000000000000,UR,8.624302650000001,46.901730170000000
8506000,Winterthur,Winterthur,230.000000000000000,ZH,8.723821060000001,47.500333810000001
8506020,Seuzach,Seuzach,227.000000000000000,ZH,8.738883430000000,47.535766979999998
8506003,Sennhof-Kyburg,Winterthur,230.000000000000000,ZH,8.760346260000000,47.465176880000001
8503124,Aathal,Seegräben,119.000000000000000,ZH,8.765625139999999,47.335959129999999
8505861,Maccagno,,,,8.735584980000000,46.045408510000001
8506017,Wiesendangen,Wiesendangen,298.000000000000000,ZH,8.776038000000000,47.525543040000002
8503301,Pfäffikon ZH,Pfäffikon,177.000000000000000,ZH,8.784799699999999,47.367086239999999
8506015,Räterschen,Elsau,219.000000000000000,ZH,8.795017130000000,47.498681920000003
8503123,Wetzikon,Wetzikon (ZH),121.000000000000000,ZH,8.792289730000000,47.318031630000000
8503299,Hurden,Freienbach,1322.000000000000000,SZ,8.800730000000000,47.214139990000000
8503122,Bubikon,Bubikon,112.000000000000000,ZH,8.822714840000000,47.270841009999998
8503211,Altendorf,Altendorf,1341.000000000000000,SZ,8.822905850000000,47.193967049999998
8503130,Hinwil,Hinwil,117.000000000000000,ZH,8.839719890000000,47.300056949999998
8506014,Elgg,Elgg,294.000000000000000,ZH,8.863411590000000,47.498529089999998
8516013,Cantello-Gaggiolo,,,,8.907412470000001,45.837843110000001
8506102,Hüttlingen-Mettendorf,Hüttlingen,4590.000000000000000,TG,8.974555010000000,47.582343639999998
8503116,Uznach,Uznach,3339.000000000000000,SG,8.980690810000000,47.224282780000003
8505300,Lugano,Lugano,5192.000000000000000,TI,8.946995310000000,46.005500550000001
8506010,Sirnach,Sirnach,4761.000000000000000,TG,9.000474260000001,47.461997100000005
8505209,Biasca,Biasca,5281.000000000000000,TI,8.974179220000000,46.351984150000000
8503239,Linthal,Glarus Süd,1631.000000000000000,GL,8.997794870000000,46.925563590000003
8505305,Mendrisio,Mendrisio,5254.000000000000000,TI,8.978610919999999,45.869108609999998
8503238,Rüti GL,Glarus Süd,1631.000000000000000,GL,9.013038979999999,46.934545980000003
8503224,Bilten,Glarus Nord,1630.000000000000000,GL,9.029918270000000,47.152192919999997
8506217,Sulgen,Sulgen,4506.000000000000000,TG,9.183694440000000,47.538804030000001
8506209,Flawil,Flawil,3402.000000000000000,SG,9.189785590000000,47.415189380000001
8506302,St. Gallen,St. Gallen,3203.000000000000000,SG,9.369896660000000,47.423178950000000
8507003,Gümligen,Muri bei Bern,356.000000000000000,BE,7.505504800000000,46.934321920000002
8500261,Langendorf,Langendorf,2550.000000000000000,SO,7.513585430000000,47.217861480000003
8500016,Basel St. Johann,Basel,2701.000000000000000,BS,7.572529380000000,47.570306320000000
8500136,Basel Dreispitz,Basel,2701.000000000000000,BS,7.609595920000000,47.537436059999997
8502225,Mettmenstetten,Mettmenstetten,9.000000000000000,ZH,8.457382180000000,47.244071069999997
8505003,Immensee,Küssnacht (SZ),1331.000000000000000,SZ,8.462672039999999,47.091618650000001
8515995,Cham Alpenblick,Cham,1702.000000000000000,ZG,8.471463280000000,47.182282389999997
8507478,Frutigen,Frutigen,563.000000000000000,BE,7.651418310000000,46.588907540000001
8518459,Steinhausen Rigiblick,Steinhausen,1708.000000000000000,ZG,8.479703870000000,47.187863759999999
8503403,Hüntwangen-Wil,Hüntwangen,61.000000000000000,ZH,8.512848050000001,47.581268899999998
8503312,Oberglatt,Oberglatt,92.000000000000000,ZH,8.510618839999999,47.470204610000003
8502231,Zug Oberwil,Zug,1711.000000000000000,ZG,8.509940520000001,47.147683630000003
8503020,Zürich Hardbrücke,Zürich,261.000000000000000,ZH,8.517126199999998,47.385197890000001
8517527,Zug Casino,Zug,1711.000000000000000,ZG,8.515202730000000,47.162318110000001
8507496,Faulensee,Spiez,768.000000000000000,BE,7.697914920000000,46.673755499999999
8508008,Herzogenbuchsee,Herzogenbuchsee,979.000000000000000,BE,7.700958270000000,47.188086110000000
8517131,Pratteln Salina Raurica,Pratteln,2831.000000000000000,BL,7.709889080000000,47.530588090000002
8500212,Oensingen,Oensingen,2407.000000000000000,SO,7.709870320000000,47.285035110000003
8500300,Kaiseraugst,Kaiseraugst,4252.000000000000000,AG,7.724135540000000,47.538495730000001
8503007,Zürich Seebach,Zürich,261.000000000000000,ZH,8.544660220000001,47.418750050000000
8500313,Rheinfelden Augarten,Rheinfelden,4258.000000000000000,AG,7.768031870000000,47.545878230000000
8503340,Opfikon,Opfikon,66.000000000000000,ZH,8.561794790000000,47.429954840000001
8503101,Küsnacht ZH,Küsnacht (ZH),154.000000000000000,ZH,8.580637820000000,47.319156630000002
8503147,Stettbach,Zürich,261.000000000000000,ZH,8.596144779999999,47.397215410000001
8508101,Roggwil-Wynau,Roggwil (BE),337.000000000000000,BE,7.814916380000000,47.251639650000001
8507494,Därligen,Därligen,575.000000000000000,BE,7.814737350000000,46.659764350000003
8518924,Neuhausen Rheinfall,Neuhausen am Rheinfall,2937.000000000000000,SH,8.616946470000000,47.679804930000003
8503423,Neuhausen,Neuhausen am Rheinfall,2937.000000000000000,SH,8.624934550000001,47.683133410000003
8500033,Rümlingen,Rümlingen,2859.000000000000000,BL,7.850541940000000,47.425379260000000
8503205,Au ZH,Wädenswil,293.000000000000000,ZH,8.643725910000001,47.246817940000000
8503104,Meilen,Meilen,156.000000000000000,ZH,8.644311910000001,47.269811150000002
8503127,Schwerzenbach ZH,Schwerzenbach,197.000000000000000,ZH,8.658673609999999,47.384385819999999
8502306,Hünenberg Chämleten,Hünenberg,1703.000000000000000,ZG,8.449908539999999,47.169159409999999
8503526,Regensdorf-Watt,Regensdorf,96.000000000000000,ZH,8.472084929999999,47.436563530000001
8502230,Zug Chollermüli,Zug,1711.000000000000000,ZG,8.486645709999999,47.180237560000002
8503206,Wädenswil,Wädenswil,293.000000000000000,ZH,8.675216270000000,47.229307259999999
8503105,Uetikon,Uetikon am See,159.000000000000000,ZH,8.678787099999999,47.259030129999999
8503126,Nänikon-Greifensee,Uster,198.000000000000000,ZH,8.686413620000000,47.369362920000000
8516187,Zug Schutzengel,Zug,1711.000000000000000,ZG,8.507242209999999,47.173724909999997
8503401,Glattfelden,Bülach,53.000000000000000,ZH,8.524055190000000,47.548557979999998
8500240,Olten RB,Olten,2581.000000000000000,SO,7.915187990000000,47.362514630000000
8502120,Küngoldingen,Oftringen,4280.000000000000000,AG,7.941796670000000,47.302141509999998
8503125,Uster,Uster,198.000000000000000,ZH,8.718709160000000,47.350369010000001
8502110,Dulliken,Dulliken,2573.000000000000000,SO,7.946501330000000,47.354276140000003
8502003,Reiden,Reiden,1140.000000000000000,LU,7.968774390000000,47.241468359999999
8506036,Reutlingen,Winterthur,230.000000000000000,ZH,8.752148080000000,47.529659379999998
8503400,Bülach,Bülach,53.000000000000000,ZH,8.536209199999998,47.523949920000000
8503404,Rafz,Rafz,67.000000000000000,ZH,8.543451409999999,47.603796799999998
8502004,Dagmersellen,Dagmersellen,1125.000000000000000,LU,7.979025920000000,47.217557929999998
8500305,Frick,Frick,4163.000000000000000,AG,8.013092459999999,47.507348520000001
8505004,Arth-Goldau,Arth,1362.000000000000000,SZ,8.549446300000000,47.049044879999997
8503310,Glattbrugg,Opfikon,66.000000000000000,ZH,8.558854150000000,47.430826719999999
8503108,Uerikon,Stäfa,158.000000000000000,ZH,8.752625199999999,47.235860760000001
8503210,Freienbach SBB,Freienbach,1322.000000000000000,SZ,8.756218600000000,47.207310690000000
8505862,Pino-Tronzano,,,,8.736951600000001,46.098927560000000
8506004,Kollbrunn,Zell (ZH),231.000000000000000,ZH,8.774016939999999,47.458324200000000
8503420,Lottstetten,,,,8.566822940000000,47.625735579999997
8503421,Jestetten,,,,8.573299949999999,47.654401780000001
8503209,Pfäffikon SZ,Freienbach,1322.000000000000000,SZ,8.778129820000000,47.202997430000003
8503309,Kloten Balsberg,Kloten,62.000000000000000,ZH,8.570718490000001,47.442290370000002
8503100,Zollikon,Zollikon,161.000000000000000,ZH,8.569740630000000,47.337334600000005
8503141,Küsnacht Goldbach,Küsnacht (ZH),154.000000000000000,ZH,8.575964190000001,47.326856710000001
8503300,Kempten,Wetzikon (ZH),121.000000000000000,ZH,8.804720690000000,47.332043120000002
8502102,Oberentfelden,Oberentfelden,4010.000000000000000,AG,8.048387119999999,47.356486400000001
8503102,Erlenbach ZH,Erlenbach (ZH),151.000000000000000,ZH,8.591522360000001,47.305791960000001
8503112,Kempraten,Rapperswil-Jona,3340.000000000000000,SG,8.814310960000000,47.238397710000001
8506019,Islikon,Gachnang,4571.000000000000000,TG,8.846197030000001,47.547834920000000
8506007,Turbenthal,Turbenthal,228.000000000000000,ZH,8.843819890000001,47.437384549999997
8505005,Steinen,Steinen,1373.000000000000000,SZ,8.607449310000000,47.047668629999997
8503306,Dietlikon,Dietlikon,54.000000000000000,ZH,8.619276400000000,47.420202060000001
8502030,Seon,Seon,4209.000000000000000,AG,8.158807390000000,47.346148960000001
8503424,Schaffhausen,Schaffhausen,2939.000000000000000,SH,8.632755780000000,47.698281520000002
8502115,Wildegg,Möriken-Wildegg,4203.000000000000000,AG,8.163019909999999,47.415275149999999
8502116,Schinznach Bad,Schinznach-Bad,4114.000000000000000,AG,8.166948610000000,47.451785160000000
8503220,Lachen,Lachen,1344.000000000000000,SZ,8.852715190000000,47.190068420000003
8505006,Schwyz,Schwyz,1372.000000000000000,SZ,8.632151710000000,47.026397189999997
8505406,Magadino-Vira,Gambarogno,5398.000000000000000,TI,8.850189040000000,46.145315719999999
8506100,Frauenfeld,Frauenfeld,4566.000000000000000,TG,8.896559670000000,47.558163399999998
8506048,Marthalen,Marthalen,35.000000000000000,ZH,8.656062850000000,47.631379750000001
8502247,Birr,Birr,4092.000000000000000,AG,8.217664820000000,47.435846699999999
8500329,Koblenz,Koblenz,4310.000000000000000,AG,8.227049700000000,47.600338299999997
8503502,Siggenthal-Würenlingen,Würenlingen,4047.000000000000000,AG,8.240660000000000,47.520689990000001
8503221,Siebnen-Wangen,Wangen (SZ),1349.000000000000000,SZ,8.900713600000000,47.182670680000001
8505405,Quartino,Gambarogno,5398.000000000000000,TI,8.887331209999999,46.151298089999997
8505207,Bodio TI,Bodio,5064.000000000000000,TI,8.906567989999999,46.380254520000001
8506101,Felben-Wellhausen,Felben-Wellhausen,4561.000000000000000,TG,8.943174819999999,47.577102130000000
8506047,Andelfingen,Andelfingen,30.000000000000000,ZH,8.678001610000001,47.593766189999997
8503501,Döttingen,Döttingen,4304.000000000000000,AG,8.256364670000000,47.575269820000003
8502027,Hitzkirch,Hitzkirch,1030.000000000000000,LU,8.252001030000001,47.222672719999998
8503106,Männedorf,Männedorf,155.000000000000000,ZH,8.692346120000000,47.253424029999998
8505216,Rivera-Bironico,Monteceneri,5238.000000000000000,TI,8.925286199999999,46.123976550000002
8502012,Rothenburg Dorf,Emmen,1024.000000000000000,LU,8.273190590000000,47.090909969999998
8503208,Bäch,Freienbach,1322.000000000000000,SZ,8.727174270000001,47.200981630000001
8503302,Fehraltorf,Fehraltorf,172.000000000000000,ZH,8.750288120000000,47.385122809999999
8503504,Baden,Baden,4021.000000000000000,AG,8.307709470000001,47.476424289999997
8503511,Neuenhof,Neuenhof,4034.000000000000000,AG,8.331255320000000,47.450664230000001
8518475,Mendrisio S. Martino,Mendrisio,5254.000000000000000,TI,8.983092720000000,45.877220200000004
8503529,Würenlos,Würenlos,4048.000000000000000,AG,8.357667810000001,47.445759469999999
8516350,Buchrain,Ebikon,1054.000000000000000,LU,8.356658500000000,47.093649910000003
8503119,Schänis,Schänis,3315.000000000000000,SG,9.043976170000001,47.157657129999997
8503235,Leuggelbach,Glarus Süd,1631.000000000000000,GL,9.046944340000000,46.975742859999997
8505213,Bellinzona,Bellinzona,5002.000000000000000,TI,9.029518510000001,46.195431790000001
8506035,Schottikon,Elsau,219.000000000000000,ZH,8.811719070000001,47.500117500000002
8503120,Jona,Rapperswil-Jona,3340.000000000000000,SG,8.834618050000000,47.230976630000001
8505407,S. Nazzaro,Gambarogno,5398.000000000000000,TI,8.807058680000001,46.135157690000000
8506008,Wila,Wila,181.000000000000000,ZH,8.848490890000001,47.417774469999998
8516273,Genève-Eaux-Vives,Genève,6621.000000000000000,GE,6.166569590000000,46.201445409999998
8501014,Mies,Mies,5723.000000000000000,VD,6.167654650000000,46.298488839999997
8505212,Castione-Arbedo,Arbedo-Castione,5001.000000000000000,TI,9.041461809999999,46.222921650000004
8501015,Tannay,Tannay,5729.000000000000000,VD,6.181120360000000,46.307645149999999
8503121,Rüti ZH,Rüti (ZH),118.000000000000000,ZH,8.854079459999999,47.260483799999996
8501030,Nyon,Nyon,5724.000000000000000,VD,6.235966130000000,46.384418969999999
8506131,Kreuzlingen,Kreuzlingen,4671.000000000000000,TG,9.169080420000000,47.652552770000000
8505402,Gordola,Gordola,5108.000000000000000,TI,8.865773290000000,46.179040270000002
8506013,Aadorf,Aadorf,4551.000000000000000,TG,8.903301350000000,47.488118159999999
8501035,Allaman,Allaman,5851.000000000000000,VD,6.399697080000000,46.475753519999998
8501104,Le Day,Vallorbe,5764.000000000000000,VD,6.400510000000000,46.717290009999999
8503115,Schmerikon,Schmerikon,3338.000000000000000,SG,8.943381949999999,47.225160109999997
8501115,Cossonay-Penthalaz,Penthalaz,5495.000000000000000,VD,6.523689170000000,46.606010089999998
8506210,Gossau SG,Gossau (SG),3443.000000000000000,SG,9.253050690000000,47.411831579999998
8501117,Bussigny,Bussigny,5624.000000000000000,VD,6.551826150000000,46.547590370000002
8501113,Bavois,Bavois,5746.000000000000000,VD,6.559334850000000,46.687679930000002
8505404,Cadenazzo,Cadenazzo,5003.000000000000000,TI,8.941698900000000,46.152619989999998
8503223,Reichenburg,Reichenburg,1345.000000000000000,SZ,8.982322650000000,47.172698199999999
8518452,Prilly-Malley,Prilly,5589.000000000000000,VD,6.602628940000000,46.526691980000003
8501110,Ependes,Ependes (VD),5914.000000000000000,VD,6.607661870000000,46.746416119999999
8509413,Flums,Flums,3292.000000000000000,SG,9.347929250000000,47.096616640000001
8506121,Romanshorn,Romanshorn,4436.000000000000000,TG,9.379371290000000,47.565522870000002
8505415,S. Antonino,Sant'Antonino,5017.000000000000000,TI,8.973937160000000,46.160441370000001
8503118,Benken SG,Benken (SG),3312.000000000000000,SG,9.008654220000000,47.204458129999999
8505303,Maroggia-Melano,Maroggia,5195.000000000000000,TI,8.973939800000000,45.932435079999998
8500114,Zwingen,Zwingen,2793.000000000000000,BL,7.530463030000000,47.433799190000002
8505304,Capolago-Riva S. Vitale,Mendrisio,5254.000000000000000,TI,8.978905259999999,45.902837299999995
8500207,Solothurn,Solothurn,2601.000000000000000,SO,7.542689210000000,47.204192489999997
8504144,Yverdon-Champ Pittet,Yverdon-les-Bains,5938.000000000000000,VD,6.662320120000000,46.782149600000004
8506206,Wil SG,Wil (SG),3427.000000000000000,SG,9.040993050000001,47.462413239999997
8504316,Le Locle,Le Locle,6436.000000000000000,NE,6.746153280000000,47.057861039999999
8506104,Märstetten,Märstetten,4941.000000000000000,TG,9.062193479999999,47.582820560000002
8503225,Ziegelbrücke,Schänis,3315.000000000000000,SG,9.060051670000000,47.136155899999999
8504013,Chexbres-Village,Chexbres,5601.000000000000000,VD,6.778537790000000,46.481057239999998
8504131,Cheyres,Cheyres-Châbles,2055.000000000000000,FR,6.786393710000000,46.816945840000002
8504315,Le Crêt-du-Locle,La Chaux-de-Fonds,6421.000000000000000,NE,6.784581290000000,47.077232719999998
8504017,Châtillens,Oron,5805.000000000000000,VD,6.815481520000000,46.570533019999999
8504206,Bevaix,La Grande-Béroche,6417.000000000000000,NE,6.811680270000000,46.929696229999998
8500116,Duggingen,Duggingen,2785.000000000000000,BL,7.603460740000000,47.453444859999998
8504016,Palézieux-Village,Oron,5805.000000000000000,VD,6.828874520000000,46.557113200000003
8504314,La Chaux-de-Fonds,La Chaux-de-Fonds,6421.000000000000000,NE,6.826030000000000,47.098649989999998
8500090,Basel Bad Bf,Basel,2701.000000000000000,BS,7.606920420000000,47.567307909999997
8501200,Vevey,Vevey,5890.000000000000000,VD,6.843445599999999,46.463001810000002
8503231,Ennenda,Glarus,1632.000000000000000,GL,9.077193810000001,47.032959540000000
8504132,Estavayer-le-Lac,Estavayer,2054.000000000000000,FR,6.842967230000000,46.844498860000002
8504021,Vauderens,Ursy,2102.000000000000000,FR,6.850037580000000,46.621455380000000
8506105,Weinfelden,Weinfelden,4946.000000000000000,TG,9.106368220000000,47.566224259999998
8506208,Uzwil,Uzwil,3408.000000000000000,SG,9.130991820000000,47.436444000000002
8504236,Les Geneveys-sur-Coffrane,Val-de-Ruz,6487.000000000000000,NE,6.853217630000000,47.015096389999997
8501201,La Tour-de-Peilz,La Tour-de-Peilz,5889.000000000000000,VD,6.859532670000000,46.455452889999997
8504219,Auvernier,Milvignes,6416.000000000000000,NE,6.877708040000000,46.979641669999999
8501300,Montreux,Montreux,5886.000000000000000,VD,6.910440120000000,46.435884340000001
8501601,Leuk,Leuk,6110.000000000000000,VS,7.643940000000000,46.311880000000002
8504023,Romont,Romont (FR),2096.000000000000000,FR,6.911811420000000,46.693508280000003
8509416,Unterterzen,Quarten,3295.000000000000000,SG,9.255018379999999,47.113856859999999
8509414,Walenstadt,Walenstadt,3298.000000000000000,SG,9.312981450000001,47.119873600000005
8501421,Monthey,Monthey,6153.000000000000000,VS,6.955226660000000,46.255656449999996
8501403,St-Maurice,Saint-Maurice,6217.000000000000000,VS,7.002043899999999,46.216369499999999
8507483,Spiez,Spiez,768.000000000000000,BE,7.680103060000000,46.686395689999998
8500021,Pratteln,Pratteln,2831.000000000000000,BL,7.690817299999999,47.522668629999998
8500294,Balsthal,Balsthal,2422.000000000000000,SO,7.693919999999999,47.312889990000002
8500211,Niederbipp,Niederbipp,981.000000000000000,BE,7.694818070000000,47.270401730000003
8500023,Liestal,Liestal,2829.000000000000000,BL,7.731367480000000,47.484461170000003
8504223,Cornaux,Cornaux,6451.000000000000000,NE,7.023365660000000,47.038572029999997
8504225,Le Landeron,Le Landeron,6455.000000000000000,NE,7.066335330000000,47.056636380000000
8504127,Faoug,Faoug,5458.000000000000000,VD,7.074601380000000,46.908241820000001
8507495,Leissigen,Leissigen,585.000000000000000,BE,7.775015870000000,46.655105610000000
8500301,Rheinfelden,Rheinfelden,4258.000000000000000,AG,7.792168900000000,47.551214029999997
8500126,Porrentruy,Porrentruy,6800.000000000000000,JU,7.080077280000000,47.420916380000001
8500214,Egerkingen,Egerkingen,2401.000000000000000,SO,7.798966470000000,47.314864839999998
8504029,Matran,Matran,2208.000000000000000,FR,7.096328590000000,46.788938410000000
8500208,Luterbach-Attisholz,Luterbach,2527.000000000000000,SO,7.583523460000000,47.217149180000000
8500125,Courgenay,Courgenay,6784.000000000000000,JU,7.124205040000000,47.405226180000000
8504181,Givisiez,Givisiez,2197.000000000000000,FR,7.129961520000000,46.816755960000002
8500216,Wangen bei Olten,Wangen bei Olten,2586.000000000000000,SO,7.868360520000000,47.341400669999999
8500119,Münchenstein,Münchenstein,2769.000000000000000,BL,7.617596690000000,47.513397359999999
8504400,Kerzers,Kerzers,2265.000000000000000,FR,7.192810170000000,46.975078959999998
8507100,Thun,Thun,942.000000000000000,BE,7.629605830000000,46.754852739999997
8501605,Visp,Visp,6297.000000000000000,VS,7.881465480000000,46.294029139999999
8504303,La Heutte,Péry-La Heutte,450.000000000000000,BE,7.225395780000000,47.189491789999998
8500101,Reconvilier,Reconvilier,703.000000000000000,BE,7.227417930000000,47.235238320000001
8504302,Reuchenette-Péry,Péry-La Heutte,450.000000000000000,BE,7.247024730000000,47.189739090000003
8508006,Wynigen,Wynigen,424.000000000000000,BE,7.663506860000000,47.105174820000002
8500293,Thalbrücke,Balsthal,2422.000000000000000,SO,7.688230000000000,47.308549999999997
8500121,Courfaivre,Haute-Sorne,6729.000000000000000,JU,7.291165740000000,47.335083130000001
8500320,Stein-Säckingen,Stein (AG),4260.000000000000000,AG,7.948842870000000,47.541608259999997
8504103,Flamatt,Wünnewil-Flamatt,2309.000000000000000,FR,7.319570810000000,46.888491360000003
8502100,Safenwil,Safenwil,4283.000000000000000,AG,7.983518240000000,47.321757899999994
8501609,Brig,Brig-Glis,6002.000000000000000,VS,7.988094740000000,46.319422709999998
8502122,Kölliken Oberdorf,Kölliken,4276.000000000000000,AG,8.019090580000000,47.324683200000003
8502101,Kölliken,Kölliken,4276.000000000000000,AG,8.026460540000000,47.337300190000001
8500109,Delémont,Delémont,6711.000000000000000,JU,7.350063320000000,47.362012700000001
8500322,Laufenburg,Laufenburg,4170.000000000000000,AG,8.061296130000001,47.559768419999997
8500202,Grenchen Süd,Grenchen,2546.000000000000000,SO,7.398180060000000,47.188774680000002
8502007,Sursee,Sursee,1103.000000000000000,LU,8.097893859999999,47.170795030000001
8502011,Oberkirch LU,Oberkirch,1095.000000000000000,LU,8.114234460000000,47.155237610000000
8502104,Hunzenschwil,Hunzenschwil,4200.000000000000000,AG,8.125693230000000,47.388285889999999
8500302,Möhlin,Möhlin,4254.000000000000000,AG,7.833862660000000,47.561858469999997
8500031,Diepflingen,Diepflingen,2845.000000000000000,BL,7.837717390000000,47.449560509999998
8500034,Buckten,Buckten,2843.000000000000000,BL,7.847800530000000,47.408991049999997
8500032,Sommerau,Gelterkinden,2846.000000000000000,BL,7.851481370000000,47.439021359999998
8500204,Selzach,Selzach,2556.000000000000000,SO,7.456635040000000,47.200624019999999
8500260,Crémines-Zoo,Crémines,691.000000000000000,BE,7.456783800000000,47.272419820000003
8502034,Beinwil am See,Beinwil am See,4131.000000000000000,AG,8.202235540000000,47.267219859999997
8507492,Interlaken Ost,Interlaken,581.000000000000000,BE,7.869000000000000,46.690500010000001
8502237,Lupfig,Lupfig,4104.000000000000000,AG,8.214989859999999,47.445184189999999
8502105,Othmarsingen,Othmarsingen,4205.000000000000000,AG,8.214805490000000,47.407433509999997
8500028,Tecknau,Tecknau,2862.000000000000000,BL,7.887618190000000,47.445760210000003
8502019,Ermensee,Ermensee,1025.000000000000000,LU,8.242314420000000,47.229690600000005
8500037,Trimbach,Trimbach,2500.000000000000000,SO,7.904285360000000,47.366052189999998
8500303,Mumpf,Mumpf,4255.000000000000000,AG,7.909624390000000,47.547626090000001
8502001,Zofingen,Zofingen,4289.000000000000000,AG,7.943117670000000,47.288052540000002
8505000,Luzern,Luzern,1061.000000000000000,LU,8.310183210000000,47.050177820000002
8502022,Eschenbach,Eschenbach (LU),1026.000000000000000,LU,8.322790729999999,47.132395989999999
8502200,Ebikon,Ebikon,1054.000000000000000,LU,8.342358259999999,47.084262709999997
8515997,Root D4,Root,1065.000000000000000,LU,8.373808080000000,47.104856419999997
8502010,St. Erhard-Knutwil,Knutwil,1089.000000000000000,LU,8.074581530000000,47.180081899999998
8502114,Rupperswil,Rupperswil,4206.000000000000000,AG,8.126956370000000,47.403290249999998
8516272,Genève-Champel,Genève,6621.000000000000000,GE,6.153498720000000,46.192193349999997
8502119,Lenzburg,Lenzburg,4201.000000000000000,AG,8.170392890000000,47.391199759999999
8501012,Creux-de-Genthod,Genthod,6622.000000000000000,GE,6.161312310000000,46.263767760000000
8501022,Versoix,Versoix,6644.000000000000000,GE,6.165741300000000,46.279727190000003
8502032,Boniswil,Boniswil,4192.000000000000000,AG,8.184560550000000,47.315038739999999
8502033,Birrwil,Birrwil,4132.000000000000000,AG,8.199017330000000,47.287856599999998
8500309,Brugg AG,Brugg,4095.000000000000000,AG,8.208844550000000,47.480859840000001
8502029,Mosen,Hitzkirch,1030.000000000000000,LU,8.224159650000001,47.244292320000000
8502212,Dottikon-Dintikon,Villmergen,4080.000000000000000,AG,8.234710270000001,47.373646559999997
8502020,Rothenburg,Rothenburg,1040.000000000000000,LU,8.249180000000001,47.088189989999996
8501103,Vallorbe,Vallorbe,5764.000000000000000,VD,6.370565640000000,46.712406340000001
8502025,Baldegg,Hochdorf,1031.000000000000000,LU,8.280231510000000,47.185688949999999
8502021,Emmenbrücke,Emmen,1024.000000000000000,LU,8.282565370000000,47.070601490000001
8502024,Hochdorf,Hochdorf,1031.000000000000000,LU,8.288699619999999,47.166975180000001
8503409,Bad Zurzach,Bad Zurzach,4323.000000000000000,AG,8.295587790000001,47.588313390000003
8503505,Wettingen,Wettingen,4045.000000000000000,AG,8.316006170000000,47.459638179999999
8502023,Ballwil,Ballwil,1023.000000000000000,LU,8.316898800000001,47.153767639999998
8501111,Essert-Pittet,Chavornay,5749.000000000000000,VD,6.580655820000000,46.727673330000002
8502017,Waldibrücke,Emmen,1024.000000000000000,LU,8.319710089999999,47.107899330000002
8501120,Lausanne,Lausanne,5586.000000000000000,VD,6.629092300000000,46.516791840000003
8502216,Benzenschwil,Merenschwand,4234.000000000000000,AG,8.365616890000000,47.246851499999998
8505018,Meggen Zentrum,Meggen,1063.000000000000000,LU,8.374393059999999,47.045194440000003
8503528,Otelfingen,Otelfingen,94.000000000000000,ZH,8.387532430000000,47.454936199999999
8505001,Meggen,Meggen,1063.000000000000000,LU,8.383061440000001,47.050147789999997
8504010,La Conversion,Lutry,5606.000000000000000,VD,6.678323599999999,46.513084499999998
8504215,Travers,Val-de-Travers,6512.000000000000000,NE,6.676561660000000,46.942411540000002
8501122,Lutry,Lutry,5606.000000000000000,VD,6.690609440000000,46.503786769999998
8504203,Concise,Concise,5554.000000000000000,VD,6.723157410000000,46.850881549999997
8504204,Vaumarcus,La Grande-Béroche,6417.000000000000000,NE,6.757579220000000,46.877643180000000
8504012,Puidoux,Puidoux,5607.000000000000000,VD,6.765686480000000,46.493841230000001
8501126,Rivaz,Rivaz,5609.000000000000000,VD,6.784594980000000,46.474207739999997
8504007,Moreillon,Puidoux,5607.000000000000000,VD,6.785645430000000,46.508398120000003
8501127,St-Saphorin,Saint-Saphorin (Lavaux),5610.000000000000000,VD,6.797033690000000,46.472593709999998
8504234,Chambrelien,Rochefort,6413.000000000000000,NE,6.812256770000000,46.967109010000001
8504015,Vevey-Funi,Vevey,5890.000000000000000,VD,6.835443290000000,46.468276709999998
8504020,Oron,Oron,5805.000000000000000,VD,6.837104140000000,46.572545609999999
8504014,Palézieux,Oron,5805.000000000000000,VD,6.837875280000000,46.542763590000000
8504141,Henniez,Henniez,5819.000000000000000,VD,6.870105880000000,46.735001420000003
8501202,Burier,La Tour-de-Peilz,5889.000000000000000,VD,6.877121820000000,46.447886480000001
8504237,Les Hauts-Geneveys,Val-de-Ruz,6487.000000000000000,NE,6.874673130000000,47.047176559999997
8504133,Cugy FR,Cugy (FR),2011.000000000000000,FR,6.889164590000000,46.816028289999998
8501302,Veytaux-Chillon,Veytaux,5891.000000000000000,VD,6.927860780000000,46.417621200000006
8504222,St-Blaise CFF,Saint-Blaise,6459.000000000000000,NE,6.982110200000000,47.014575940000000
8501402,Bex,Bex,5402.000000000000000,VD,7.000669900000001,46.251464579999997
8504310,St-Imier,Saint-Imier,443.000000000000000,BE,7.001223890000000,47.151711069999998
8504125,Domdidier,Belmont-Broye,2053.000000000000000,FR,7.011382580000000,46.868512060000000
8500127,Courtemaîche,Basse-Allaine,6807.000000000000000,JU,7.055380180000000,47.455869180000001
8500141,Courchavon,Courchavon,6783.000000000000000,JU,7.057645960000000,47.439774399999997
8504027,Neyruz,Neyruz (FR),2211.000000000000000,FR,7.065027430000000,46.766049070000001
8504307,Courtelary,Courtelary,434.000000000000000,BE,7.068803270000000,47.175631529999997
8501506,Sion,Sion,6266.000000000000000,VS,7.359197030000000,46.227553200000003
8500266,Corcelles BE,Crémines,691.000000000000000,BE,7.450463120000000,47.285665420000001
8516283,Genève-Sécheron,Genève,6621.000000000000000,GE,6.144561150000000,46.222440310000003
8501011,Les Tuileries,Bellevue,6606.000000000000000,GE,6.147337460000000,46.249946350000002
8501023,Coppet,Coppet,5712.000000000000000,VD,6.187827380000000,46.317393570000000
8516274,Chêne-Bourg,Chêne-Bourg,6613.000000000000000,GE,6.197333460000000,46.196600170000004
8501031,Gland,Gland,5721.000000000000000,VD,6.269139830000000,46.419986469999998
8504200,Yverdon-les-Bains,Yverdon-les-Bains,5938.000000000000000,VD,6.640944000000000,46.781545200000004
8504003,Bossière,Lutry,5606.000000000000000,VD,6.699321760000000,46.509748510000001
8501124,Cully,Bourg-en-Lavaux,5613.000000000000000,VD,6.727151470000000,46.488561789999999
8501125,Epesses,Bourg-en-Lavaux,5613.000000000000000,VD,6.745166030000000,46.489328799999996
8504205,Gorgier-St-Aubin,La Grande-Béroche,6417.000000000000000,NE,6.781025970000000,46.899076149999999
8504120,Moudon,Moudon,5678.000000000000000,VD,6.802507940000000,46.668057339999997
8504018,Ecublens-Rue,Ecublens (FR),2072.000000000000000,FR,6.811054980000000,46.610430239999999
8504122,Granges-Marnand,Valbroye,5831.000000000000000,VD,6.894289730000000,46.758844940000003
8504231,Les Deurres,Peseux,6412.000000000000000,NE,6.899148430000000,46.985524710000000
8501420,Massongex,Massongex,6215.000000000000000,VS,6.985660540000000,46.241206679999998
8504124,Dompierre,Belmont-Broye,2053.000000000000000,FR,6.985368800000000,46.854402770000000
8504025,Chénens,Chénens,2177.000000000000000,FR,7.000429640000000,46.749210799999993
8500128,Boncourt,Boncourt,6774.000000000000000,JU,7.016551750000000,47.492631869999997
8504309,Villeret,Villeret,448.000000000000000,BE,7.019675170000000,47.160203670000001
8500144,Buix,Basse-Allaine,6807.000000000000000,JU,7.029967260000000,47.479333259999997
8504224,Cressier NE,Cressier (NE),6452.000000000000000,NE,7.039532070000000,47.051952800000002
8500143,Grandgourt,Basse-Allaine,6807.000000000000000,JU,7.048107660000000,47.469920150000000
8504308,Cormoret,Cormoret,432.000000000000000,BE,7.054123570000000,47.172947090000001
8504028,Rosé,Avry,2174.000000000000000,FR,7.061968620000000,46.782633460000000
8501500,Martigny,Martigny,6136.000000000000000,VS,7.079124130000000,46.105831209999998
8504306,Cortébert,Cortébert,433.000000000000000,BE,7.107309200000000,47.189337129999998
8504128,Murten/Morat,Murten,2275.000000000000000,FR,7.115282650000000,46.925346689999998
8504030,Villars-sur-Glâne,Villars-sur-Glâne,2228.000000000000000,FR,7.116385620000000,46.789829830000002
8504140,Muntelier-Löwenberg,Murten,2275.000000000000000,FR,7.133261520000000,46.937974150000002
8504227,Ligerz,Ligerz,740.000000000000000,BE,7.135157150000000,47.083768849999998
8504305,Corgémont,Corgémont,431.000000000000000,BE,7.144661460000000,47.193398750000000
8500100,Tavannes,Tavannes,713.000000000000000,BE,7.201645390000000,47.219844639999998
8500103,Sorvilier,Sorvilier,711.000000000000000,BE,7.305774030000000,47.239246700000002
8500120,Courtételle,Courtételle,6710.000000000000000,JU,7.317942770000000,47.342829010000003
8500201,Lengnau,Lengnau (BE),387.000000000000000,BE,7.366553680000000,47.179431409999999
8500105,Moutier,Moutier,700.000000000000000,BE,7.381044300000000,47.280672520000003
8500113,Laufen,Laufen,2787.000000000000000,BL,7.502636130000000,47.419346480000002
8507000,Bern,Bern,351.000000000000000,BE,7.439130890000000,46.948832289999999
8500262,Lommiswil,Lommiswil,2551.000000000000000,SO,7.469518310000000,47.218564940000000
8500263,Im Holz,Lommiswil,2551.000000000000000,SO,7.474794880000000,47.230920779999998
8504135,Corcelles-Sud,Corcelles-près-Payerne,5816.000000000000000,VD,6.957192180000000,46.828847379999999
8500200,Pieterlen,Pieterlen,392.000000000000000,BE,7.340193540000000,47.171441139999999
8501007,Vernier,Vernier,6643.000000000000000,GE,6.093891710000000,46.220718700000006
8500159,Grenchen Nord,Grenchen,2546.000000000000000,SO,7.389618660000000,47.191698189999997
8516155,Lancy-Pont-Rouge,Lancy,6628.000000000000000,GE,6.124947000000000,46.185945300000000
8502201,Gisikon-Root,Root,1065.000000000000000,LU,8.394788530000000,47.121327659999999
8503508,Dietikon,Dietikon,243.000000000000000,ZH,8.404988189999999,47.405783810000003
8503512,Glanzenberg,Dietikon,243.000000000000000,ZH,8.420441880000000,47.398878730000000
8503527,Buchs-Dällikon,Buchs (ZH),83.000000000000000,ZH,8.435601739999999,47.453405310000001
8500203,Bettlach,Bettlach,2543.000000000000000,SO,7.428373020000000,47.194949399999999
8500267,Crémines,Crémines,691.000000000000000,BE,7.435477310000000,47.285608340000003
8501021,Genthod-Bellevue,Genthod,6622.000000000000000,GE,6.153960790000000,46.256737680000001
8501013,Pont-Céard,Versoix,6644.000000000000000,GE,6.162665600000000,46.287398130000000
8506109,Amriswil,Amriswil,4461.000000000000000,TG,9.302227199999999,47.550449720000003
8501033,Rolle,Rolle,5861.000000000000000,VD,6.336403810000000,46.462745820000002
8501048,Lonay-Préverenges,Lonay,5638.000000000000000,VD,6.519544740000000,46.523135629999999
8507002,Ostermundigen,Ostermundigen,363.000000000000000,BE,7.481497880000000,46.956802430000003
8501107,Arnex,Arnex-sur-Orbe,5743.000000000000000,VD,6.518907160000000,46.698077670000004
8500264,Oberdorf SO,Oberdorf (SO),2553.000000000000000,SO,7.493696220000000,47.235883440000002
8501116,Vufflens-la-Ville,Vufflens-la-Ville,5503.000000000000000,VD,6.530767600000000,46.576244979999998
8501114,Eclépens,Eclépens,5482.000000000000000,VD,6.552421120000000,46.657190659999998
8501000,Zimeysa,Meyrin,6630.000000000000000,GE,6.065985350000000,46.221239600000004
8501026,Genève-Aéroport,Le Grand-Saconnex,6623.000000000000000,GE,6.111985570000000,46.232538529999999
8504000,Pully-Nord,Pully,5590.000000000000000,VD,6.657987610000000,46.514681469999999
8501121,Pully,Pully,5590.000000000000000,VD,6.659468140000000,46.510923620000000
8504317,Le Locle-Col-des-Roches,Le Locle,6436.000000000000000,NE,6.726070870000000,47.049885549999999
8502219,Oberrüti,Oberrüti,4237.000000000000000,AG,8.404779460000000,47.165926159999998
8505002,Küssnacht am Rigi,Küssnacht (SZ),1331.000000000000000,SZ,8.433517459999999,47.083594150000003
8503509,Schlieren,Schlieren,247.000000000000000,ZH,8.447245060000000,47.399176369999999
8502223,Hedingen,Hedingen,5.000000000000000,ZH,8.445965550000000,47.298785230000000
8504040,Corseaux-Cornalles,Corseaux,5883.000000000000000,VD,6.824780800000000,46.470451390000001
8504208,Boudry,Boudry,6404.000000000000000,NE,6.835047620000000,46.959457090000001
8504121,Lucens,Lucens,5675.000000000000000,VD,6.842150230000000,46.707771389999998
8504220,Neuchâtel-Serrières,Neuchâtel,6458.000000000000000,NE,6.903362680000000,46.983962320000003
8509404,Buchs SG,Buchs (SG),3271.000000000000000,SG,9.478636690000000,47.168411970000001
8506311,Rorschach,Rorschach,3215.000000000000000,SG,9.505141289999999,47.478001980000002
8504221,Neuchâtel,Neuchâtel,6458.000000000000000,NE,6.935701690000000,46.996726789999997
8509002,Landquart,Landquart,3955.000000000000000,GR,9.554044690000000,46.967440430000003
8500104,Court,Court,690.000000000000000,BE,7.342109880000000,47.240600899999997
8506317,Heerbrugg,Au (SG),3231.000000000000000,SG,9.627248829999999,47.410392510000001
8500268,Grandval,Grandval,694.000000000000000,BE,7.421882090000000,47.283588899999998
8509003,Maienfeld,Maienfeld,3953.000000000000000,GR,9.529216090000000,47.003840550000000
8509000,Chur,Chur,3901.000000000000000,GR,9.528937730000001,46.853084170000002
8509411,Sargans,Sargans,3296.000000000000000,SG,9.445399999999999,47.045359990000001
8501400,Aigle,Aigle,5401.000000000000000,VD,6.963683210000000,46.316855420000003
8504311,Sonvilier,Sonvilier,445.000000000000000,BE,6.969352780000000,47.141342109999997
8504136,Cousset,Montagny (FR),2029.000000000000000,FR,6.977491130000000,46.818604890000003
8504137,Léchelles,Belmont-Broye,2053.000000000000000,FR,7.011627000000001,46.828459740000000
8504138,Grolley,Grolley,2200.000000000000000,FR,7.066052540000000,46.831978849999999
8504129,Galmiz,Galmiz,2259.000000000000000,FR,7.153207340000000,46.950870629999997
8504228,Twann,Twann-Tüscherz,756.000000000000000,BE,7.156497500000000,47.093664060000002
8500123,Glovelier,Haute-Sorne,6729.000000000000000,JU,7.209312770000000,47.335209519999999
8504300,Biel/Bienne,Biel/Bienne,371.000000000000000,BE,7.242910600000000,47.132897860000000
8504301,Frinvillier-Taubenloch,Sauge,449.000000000000000,BE,7.257529280000000,47.169457780000002
8504419,Biel Mett,Biel/Bienne,371.000000000000000,BE,7.272487260000000,47.144725270000002
8500102,Malleray-Bévilard,Valbirse,717.000000000000000,BE,7.275946270000000,47.238714180000002
8518771,Biel/Bienne Bözingenfeld/Champ,Biel/Bienne,371.000000000000000,BE,7.294648130000000,47.158382289999999
8503317,Schöfflisdorf-Oberweningen,Schöfflisdorf,99.000000000000000,ZH,8.411812300000001,47.497971360000001
8501001,La Plaine,Dardagny,6620.000000000000000,GE,5.999992780000000,46.178665389999999
8502221,Birmensdorf ZH,Birmensdorf (ZH),242.000000000000000,ZH,8.437555140000001,47.357431380000001
8517142,Lancy-Bachet,Lancy,6628.000000000000000,GE,6.129362140000000,46.174332870000001
8502218,Sins,Sins,4239.000000000000000,AG,8.397830920000001,47.188314220000002
8502220,Urdorf,Schlieren,247.000000000000000,ZH,8.434730699999999,47.390883340000002
8502202,Rotkreuz,Risch,1707.000000000000000,ZG,8.430495260000001,47.141764160000001
8503316,Steinmaur,Steinmaur,101.000000000000000,ZH,8.446857769999999,47.489986760000001
8506314,St. Margrethen,St. Margrethen,3236.000000000000000,SG,9.638261920000000,47.453215989999997
8501008,Genève,Genève,6621.000000000000000,GE,6.142451599999999,46.210212899999995
8500205,Bellach,Bellach,2542.000000000000000,SO,7.507825400000000,47.208878769999998
8518963,Solothurn Allmend,Solothurn,2601.000000000000000,SO,7.521427050000000,47.208886280000002
8500206,Solothurn West,Solothurn,2601.000000000000000,SO,7.531949150000000,47.206717269999999
8501509,Sierre/Siders,Sierre,6248.000000000000000,VS,7.532825560000000,46.292121559999998
8507006,Münsingen,Münsingen,616.000000000000000,BE,7.559442400000000,46.873354159999998
8500115,Grellingen,Grellingen,2786.000000000000000,BL,7.591988350000000,47.441294899999995
8500118,Dornach-Arlesheim,Dornach,2473.000000000000000,SO,7.611118940000000,47.488619839999998
8508005,Burgdorf,Burgdorf,404.000000000000000,BE,7.621694470000000,47.060700720000000
8500292,Klus,Balsthal,2422.000000000000000,SO,7.694759990000000,47.303480000000000
8500022,Frenkendorf-Füllinsdorf,Frenkendorf,2824.000000000000000,BL,7.719110530000000,47.501469989999997
8501020,Chambésy,Pregny-Chambésy,6634.000000000000000,GE,6.147304320000000,46.240944859999999
8500024,Lausen,Lausen,2828.000000000000000,BL,7.759762810000000,47.470344670000003
8501042,Etoy,Etoy,5636.000000000000000,VD,6.427135360000000,46.475172739999998
8501036,St-Prex,Saint-Prex,5646.000000000000000,VD,6.455906020000000,46.482316910000002
8501105,Bretonnières,Bretonnières,5748.000000000000000,VD,6.474732500000000,46.715055339999999
8501106,Croy-Romainmôtier,Romainmôtier-Envy,5761.000000000000000,VD,6.478116270000000,46.696712329999997
8501037,Morges,Morges,5642.000000000000000,VD,6.493969500000000,46.511101200000006
8500026,Sissach,Sissach,2861.000000000000000,BL,7.812027570000000,47.462754120000000
8501047,Morges-St-Jean,Morges,5642.000000000000000,VD,6.508044030000000,46.518195360000000
8501108,La Sarraz,La Sarraz,5498.000000000000000,VD,6.517361000000000,46.658784969999999
8508102,Murgenthal,Murgenthal,4279.000000000000000,AG,7.832105940000000,47.265381269999999
8501045,Denges-Echandens,Denges,5632.000000000000000,VD,6.540505480000000,46.529127100000004
8500035,Läufelfingen,Läufelfingen,2852.000000000000000,BL,7.856231580000000,47.392132889999999
8501112,Chavornay,Chavornay,5749.000000000000000,VD,6.568163250000000,46.710084539999997
8501118,Renens VD,Renens (VD),5591.000000000000000,VD,6.578935340000000,46.537042470000003
8500217,Olten Hammer,Olten,2581.000000000000000,SO,7.897723970000000,47.348555159999997
8504201,Grandson,Grandson,5561.000000000000000,VD,6.641943740000000,46.806283389999997
8502000,Aarburg-Oftringen,Aarburg,4271.000000000000000,AG,7.908222610000000,47.320268470000002
8501123,Villette VD,Bourg-en-Lavaux,5613.000000000000000,VD,6.707286920000000,46.495336750000000
8504011,Grandvaux,Bourg-en-Lavaux,5613.000000000000000,VD,6.722650190000000,46.496948240000002
8504130,Yvonand,Yvonand,5939.000000000000000,VD,6.746687330000000,46.800875500000004
8502002,Brittnau-Wikon,Wikon,1147.000000000000000,LU,7.957040850000000,47.262666160000002
8502121,Walterswil-Striegel,Oftringen,4280.000000000000000,AG,7.963203599999999,47.319923570000000
8502005,Nebikon,Nebikon,1137.000000000000000,LU,7.977449480000000,47.192380610000001
8502112,Schönenwerd SO,Schönenwerd,2583.000000000000000,SO,8.000158400000000,47.371423870000001
8502006,Wauwil,Wauwil,1146.000000000000000,LU,8.019020060000001,47.183858960000002
8504209,Colombier,Milvignes,6416.000000000000000,NE,6.848869740000000,46.967652389999998
8504232,Corcelles-Peseux,Corcelles-Cormondrèche,6407.000000000000000,NE,6.883813550000000,46.983350969999996
8501203,Clarens,Montreux,5886.000000000000000,VD,6.895779940000000,46.442738299999995
8502113,Aarau,Aarau,4001.000000000000000,AG,8.051273719999999,47.391359510000001
8502103,Suhr,Suhr,4012.000000000000000,AG,8.082290640000000,47.371635470000001
8504312,Renan BE,Renan (BE),441.000000000000000,BE,6.925382090000000,47.125720450000003
8504134,Payerne,Payerne,5822.000000000000000,VD,6.939884920000000,46.819649970000000
8502031,Hallwil,Hallwil,4197.000000000000000,AG,8.175949460000000,47.328638759999997
8504024,Villaz-St-Pierre,Villaz-Saint-Pierre,2111.000000000000000,FR,6.960642880000000,46.720580419999997
8504123,Corcelles-Nord,Corcelles-près-Payerne,5816.000000000000000,VD,6.960294470000000,46.835262120000003
8502009,Sempach-Neuenkirch,Neuenkirch,1093.000000000000000,LU,8.195979060000001,47.116053200000003
8502211,Hendschiken,Hendschiken,4198.000000000000000,AG,8.207388700000001,47.389431080000001
8503411,Koblenz Dorf,Koblenz,4310.000000000000000,AG,8.240163900000001,47.609386090000001
8503503,Turgi,Turgi,4042.000000000000000,AG,8.253458650000001,47.491757319999998
8504026,Cottens,Cottens (FR),2186.000000000000000,FR,7.034794320000000,46.751212639999999
8504126,Avenches,Avenches,5451.000000000000000,VD,7.040925320000000,46.884601600000003
8503410,Rietheim,Rietheim,4316.000000000000000,AG,8.277327950000000,47.600750099999999
8502028,Emmenbrücke Gersag,Emmen,1024.000000000000000,LU,8.276820080000000,47.078314169999999
8516353,Baldegg Kloster,Hochdorf,1031.000000000000000,LU,8.280597540000000,47.180616020000002
8502042,Hochdorf Schönau,Hochdorf,1031.000000000000000,LU,8.298733640000000,47.164569309999997
8504226,La Neuveville,La Neuveville,723.000000000000000,BE,7.095232410000000,47.062832780000001
8504139,Belfaux CFF,Belfaux,2175.000000000000000,FR,7.106230140000000,46.816924620000002
8504100,Fribourg/Freiburg,Fribourg,2196.000000000000000,FR,7.151046880000000,46.803148180000001
8500124,St-Ursanne,Clos du Doubs,6808.000000000000000,JU,7.165957050000000,47.367702899999998
8504304,Sonceboz-Sombeval,Sonceboz-Sombeval,444.000000000000000,BE,7.168763580000000,47.195148340000003
8504101,Düdingen,Düdingen,2293.000000000000000,FR,7.189753210000000,46.851052459999998
8504229,Tüscherz,Twann-Tüscherz,756.000000000000000,BE,7.197318370000000,47.115007740000003
8503319,Niederweningen,Niederweningen,91.000000000000000,ZH,8.369630610000000,47.511200600000002
8500122,Bassecourt,Haute-Sorne,6729.000000000000000,JU,7.246846230000000,47.336686880000002
8500135,Pontenet,Valbirse,717.000000000000000,BE,7.254159260000000,47.238848310000002
8503314,Niederhasli,Niederhasli,90.000000000000000,ZH,8.488707410000000,47.478330880000001
8503001,Zürich Altstetten,Zürich,261.000000000000000,ZH,8.488962649999999,47.391483070000000
8503402,Eglisau,Eglisau,55.000000000000000,ZH,8.516558020000000,47.572374549999999
8515994,Zug Fridbach,Zug,1711.000000000000000,ZG,8.512291780000000,47.156581129999999
8515992,Baar Neufeld,Baar,1701.000000000000000,ZG,8.517780780000001,47.188492940000003
8503010,Zürich Enge,Zürich,261.000000000000000,ZH,8.530820569999999,47.364098820000002
8503009,Zürich Wollishofen,Zürich,261.000000000000000,ZH,8.533601010000000,47.347440249999998
8503006,Zürich Oerlikon,Zürich,261.000000000000000,ZH,8.544139910000000,47.411530040000002
8503003,Zürich Stadelhofen,Zürich,261.000000000000000,ZH,8.548489090000000,47.366609769999997
8500010,Basel SBB,Basel,2701.000000000000000,BS,7.589562790000000,47.547412059999999
8500117,Aesch,Aesch (BL),2761.000000000000000,BL,7.603068210000000,47.467744660000001
8503203,Oberrieden,Oberrieden,137.000000000000000,ZH,8.578460590000001,47.279676320000000
8503129,Wallisellen,Wallisellen,69.000000000000000,ZH,8.591928200000000,47.412723090000000
8500209,Deitingen,Deitingen,2516.000000000000000,SO,7.618913020000000,47.218225779999997
8503204,Horgen,Horgen,295.000000000000000,ZH,8.596916999999999,47.261483380000001
8505119,Göschenen,Göschenen,1208.000000000000000,UR,8.588808230000000,46.665814939999997
8506039,Schloss Laufen am Rheinfall,Laufen-Uhwiesen,34.000000000000000,ZH,8.614269040000000,47.676565650000001
8503103,Herrliberg-Feldmeilen,Meilen,156.000000000000000,ZH,8.612733420000000,47.281826600000002
8505007,Brunnen,Ingenbohl,1364.000000000000000,SZ,8.610067660000000,46.999174910000001
8500020,Muttenz,Muttenz,2770.000000000000000,BL,7.647894430000000,47.533591209999997
8500210,Wangen an der Aare,Wangen an der Aare,992.000000000000000,BE,7.656234490000000,47.231956510000003
8506046,Henggart,Henggart,31.000000000000000,ZH,8.685075240000000,47.564257240000003
8503305,Effretikon,Illnau-Effretikon,296.000000000000000,ZH,8.686679140000001,47.425812059999998
8503304,Kemptthal,Lindau,176.000000000000000,ZH,8.705586250000000,47.452838849999999
8505202,Ambrì-Piotta,Quinto,5079.000000000000000,TI,8.689927900000001,46.510763789999999
8503303,Illnau,Illnau-Effretikon,296.000000000000000,ZH,8.722727519999999,47.408819190000003
8500213,Oberbuchsiten,Oberbuchsiten,2406.000000000000000,SO,7.771723760000000,47.305247229999999
8508100,Langenthal,Langenthal,329.000000000000000,BE,7.784715140000000,47.217302859999997
8500025,Itingen,Itingen,2849.000000000000000,BL,7.787225980000000,47.467278720000003
8506016,Oberwinterthur,Winterthur,230.000000000000000,ZH,8.760389199999999,47.507922330000000
8506038,Winterthur Wallrüti,Winterthur,230.000000000000000,ZH,8.760882170000000,47.516721660000002
8506002,Winterthur Seen,Winterthur,230.000000000000000,ZH,8.766813490000001,47.487435419999997
8503109,Feldbach,Hombrechtikon,153.000000000000000,ZH,8.783497770000000,47.239203539999998
8506005,Rikon,Zell (ZH),231.000000000000000,ZH,8.796332150000000,47.445009820000003
8500215,Hägendorf,Hägendorf,2579.000000000000000,SO,7.843816400000001,47.330267799999994
8500027,Gelterkinden,Gelterkinden,2846.000000000000000,BL,7.847667220000000,47.465893719999997
8507493,Interlaken West,Interlaken,581.000000000000000,BE,7.851453140000000,46.682628000000001
8505408,Ranzo-S. Abbondio,Gambarogno,5398.000000000000000,TI,8.776537709999999,46.116997820000002
8505410,Gerra (Gambarogno),Gambarogno,5398.000000000000000,TI,8.784969770000000,46.122040960000000
8503110,Rapperswil,Rapperswil-Jona,3340.000000000000000,SG,8.816744890000001,47.224887200000005
8508103,Rothrist,Rothrist,4282.000000000000000,AG,7.879396470000000,47.306455679999999
8500218,Olten,Olten,2581.000000000000000,SO,7.907699650000000,47.351934759999999
8505205,Lavorgo,Faido,5072.000000000000000,TI,8.839747420000000,46.440901730000000
8505401,Tenero,Tenero-Contra,5131.000000000000000,TI,8.850226190000001,46.177467460000003
8505412,Riazzino,Locarno,5113.000000000000000,TI,8.886397369999999,46.175336299999998
8502111,Däniken,Däniken,2572.000000000000000,SO,7.978771340000000,47.356390089999998
8505217,Mezzovico,Mezzovico-Vira,5199.000000000000000,TI,8.928590300000000,46.094275959999997
8500304,Eiken,Eiken,4161.000000000000000,AG,7.989797550000000,47.533044269999998
8505219,Lamone-Cadempino,Lamone,5189.000000000000000,TI,8.932125020000001,46.039718620000002
8517519,Stabio,Stabio,5266.000000000000000,TI,8.943942209999999,45.849709660000002
8505302,Melide,Melide,5198.000000000000000,TI,8.948359199999999,45.955713500000002
8506103,Müllheim-Wigoltingen,Wigoltingen,4951.000000000000000,TG,9.015522060000000,47.588164570000004
8503240,Linthal Braunwaldbahn,Glarus Süd,1631.000000000000000,GL,9.002491420000000,46.928395790000003
8503237,Diesbach-Betschwanden,Glarus Süd,1631.000000000000000,GL,9.024373380000000,46.946180810000001
8502008,Nottwil,Nottwil,1094.000000000000000,LU,8.138601019999999,47.138811740000001
8502128,Holderbank AG,Holderbank (AG),4199.000000000000000,AG,8.166622370000001,47.428642529999998
8503228,Netstal,Glarus,1632.000000000000000,GL,9.059435909999999,47.064529020000002
8503234,Nidfurn-Haslen,Glarus Süd,1631.000000000000000,GL,9.059276460000000,46.985894520000002
8503230,Glarus,Glarus,1632.000000000000000,GL,9.071566410000001,47.039924139999997
8503233,Schwanden GL,Glarus Süd,1631.000000000000000,GL,9.077465719999999,46.996852240000003
8502106,Mägenwil,Mägenwil,4032.000000000000000,AG,8.235155219999999,47.414508169999998
8516176,Klingnau,Klingnau,4309.000000000000000,AG,8.249050130000001,47.581998919999997
8502026,Gelfingen,Hitzkirch,1030.000000000000000,LU,8.264824920000001,47.213559019999998
8502213,Wohlen AG,Wohlen (AG),4082.000000000000000,AG,8.269792340000000,47.348464040000003
8516219,Mellingen Heitersberg,Mellingen,4033.000000000000000,AG,8.276363249999999,47.428075090000000
8502214,Boswil-Bünzen,Boswil,4228.000000000000000,AG,8.315283590000000,47.305181679999997
8503408,Rekingen AG,Rekingen (AG),4315.000000000000000,AG,8.327125680000000,47.569971389999999
8502215,Muri AG,Muri (AG),4236.000000000000000,AG,8.339820730000000,47.276666229999996
8517336,Luzern Verkehrshaus,Luzern,1061.000000000000000,LU,8.337297330000000,47.053932310000000
8503506,Killwangen-Spreitenbach,Killwangen,4030.000000000000000,AG,8.354214000000001,47.433328860000003
8503318,Niederweningen Dorf,Niederweningen,91.000000000000000,ZH,8.381073480000000,47.505913649999997
8502217,Mühlau,Mühlau,4235.000000000000000,AG,8.388524029999999,47.225019969999998
8502203,Cham,Cham,1702.000000000000000,ZG,8.457504760000001,47.178243860000002
8503313,Niederglatt,Niederglatt,89.000000000000000,ZH,8.503315580000001,47.487471020000001
8503008,Zürich Affoltern,Zürich,261.000000000000000,ZH,8.508582560000001,47.420908949999998
8502204,Zug,Zug,1711.000000000000000,ZG,8.515049339999999,47.173706959999997
8515993,Baar Lindenpark,Baar,1701.000000000000000,ZG,8.517058459999999,47.183136679999997
8503015,Zürich Wipkingen,Zürich,261.000000000000000,ZH,8.529382370000000,47.393038869999998
8503311,Rümlang,Rümlang,97.000000000000000,ZH,8.532767320000000,47.454065610000001
8503000,Zürich HB,Zürich,261.000000000000000,ZH,8.540212349999999,47.378176670000002
8503200,Kilchberg,Kilchberg (ZH),135.000000000000000,ZH,8.548016400000000,47.324431570000002
8503201,Rüschlikon,Rüschlikon,139.000000000000000,ZH,8.555162650000000,47.307131869999999
8503202,Thalwil,Thalwil,141.000000000000000,ZH,8.564769450000000,47.295981410000003
8503308,Kloten,Kloten,62.000000000000000,ZH,8.583809700000000,47.448607289999998
8503111,Winkel am Zürichsee,Erlenbach (ZH),151.000000000000000,ZH,8.598988309999999,47.297207849999999
8503128,Dübendorf,Dübendorf,191.000000000000000,ZH,8.623421740000000,47.400080359999997
8505111,Sisikon,Sisikon,1217.000000000000000,UR,8.620748730000001,46.949254019999998
8505114,Erstfeld,Erstfeld,1206.000000000000000,UR,8.650454640000000,46.820339420000003
8506045,Hettlingen,Hettlingen,221.000000000000000,ZH,8.694834150000000,47.545441449999998
8503207,Richterswil,Richterswil,138.000000000000000,ZH,8.707481359999999,47.208374980000002
8503107,Stäfa,Stäfa,158.000000000000000,ZH,8.721652870000000,47.240527180000001
8506001,Winterthur Grüze,Winterthur,230.000000000000000,ZH,8.751055200000000,47.498754710000000
8516218,Winterthur Hegi,Winterthur,230.000000000000000,ZH,8.768947150000001,47.501485469999999
8506018,Rickenbach-Attikon,Rickenbach (ZH),225.000000000000000,ZH,8.789175040000000,47.535357380000001
8505874,Colmegna,,,,8.751883019999999,46.024761859999998
8505204,Faido,Faido,5072.000000000000000,TI,8.790710109999999,46.483075499999998
8505400,Locarno,Muralto,5120.000000000000000,TI,8.801360899999999,46.172420189999997
8503113,Blumenau,Rapperswil-Jona,3340.000000000000000,SG,8.842405090000000,47.223670669999997
8506012,Guntershausen,Aadorf,4551.000000000000000,TG,8.917032100000000,47.474121359999998
8503222,Schübelbach-Buttikon,Schübelbach,1346.000000000000000,SZ,8.938780970000000,47.176389819999997
8506011,Eschlikon,Eschlikon,4724.000000000000000,TG,8.958536199999999,47.461491060000000
8505218,Taverne-Torricella,Torricella-Taverne,5227.000000000000000,TI,8.930330430000000,46.056685559999998
8505301,Lugano-Paradiso,Paradiso,5210.000000000000000,TI,8.946280010000001,45.988950000000003
8505214,Giubiasco,Bellinzona,5002.000000000000000,TI,9.003600090000001,46.173812730000002
8505306,Balerna,Balerna,5242.000000000000000,TI,9.005035610000000,45.846745060000003
8503236,Luchsingen-Hätzingen,Glarus Süd,1631.000000000000000,GL,9.039022490000001,46.965070689999997
8503226,Nieder- und Oberurnen,Glarus Nord,1630.000000000000000,GL,9.062393750000000,47.122361679999997
8505307,Chiasso,Chiasso,5250.000000000000000,TI,9.031449560000000,45.832168029999998
8503227,Näfels-Mollis,Glarus Nord,1630.000000000000000,GL,9.069956940000001,47.098719269999997
8503232,Mitlödi,Glarus Süd,1631.000000000000000,GL,9.081211939999999,47.010131610000002